{
  "project_info": {
    "project_number": "225575317244",
    "firebase_url": "https://mymarriagegroup.firebaseio.com",
    "project_id": "mymarriagegroup",
    "storage_bucket": "mymarriagegroup.appspot.com"
  },
  "client": [
    {
      "client_info": {
        "mobilesdk_app_id": "1:225575317244:android:28a54fffaf7d608a",
        "android_client_info": {
          "package_name": "com.suguretaventure.mymarriagegroup"
        }
      },
      "oauth_client": [
        {
          "client_id": "225575317244-qbi0bdf03q6an10no9vldoum3gg0n4kd.apps.googleusercontent.com",
          "client_type": 1,
          "android_info": {
            "package_name": "com.suguretaventure.mymarriagegroup",
            "certificate_hash": "c46495d89a8800fa60ee9f25f90cdbbd3e75555a"
          }
        },
        {
          "client_id": "225575317244-vhn4pm604ajkhbiio0am05g9fv6jnani.apps.googleusercontent.com",
          "client_type": 1,
          "android_info": {
            "package_name": "com.suguretaventure.mymarriagegroup",
            "certificate_hash": "ea774e2c532508e82d8bea7242990933505d2420"
          }
        },
        {
          "client_id": "225575317244-grnqtomh6f3mqomcrqh1il6m7mss3nbn.apps.googleusercontent.com",
          "client_type": 3
        }
      ],
      "api_key": [
        {
          "current_key": "AIzaSyB9l1NFTTT8AHo9A-K51ErxDz7dDnRzRIs"
        }
      ],
      "services": {
        "appinvite_service": {
          "other_platform_oauth_client": [
            {
              "client_id": "225575317244-grnqtomh6f3mqomcrqh1il6m7mss3nbn.apps.googleusercontent.com",
              "client_type": 3
            }
          ]
        }
      }
    }
  ],
  "configuration_version": "1"
}